<meta>
	<script src="server.lua" type="serve" cache="false"/>
	<script src="panel.lua" type="client" cache="false"/>
	<script src="client.lua" type="client" cache="false"/>
	<file src="plaka.fx" cache="false"/>
	<file src="files/font.ttf" />
	<file src="files/font2.ttf" />
	
	<file src="plaka/plaka1.png" fiyat="0"/>
	<file src="plaka/plaka2.png" fiyat="0"/>
	<file src="plaka/plaka3.png" fiyat="0"/>
	<file src="plaka/plaka4.png" fiyat="0"/>
	<file src="plaka/plaka5.png" fiyat="0"/>
	<file src="plaka/plaka6.png" fiyat="0"/>
	<file src="plaka/plaka7.png" fiyat="0"/>
	<file src="plaka/plaka8.png" fiyat="0"/>
	<file src="plaka/plaka9.png" fiyat="0"/>
	<file src="plaka/plaka10.png" fiyat="0"/>
</meta>